{"cameraMode":{"drawMode":0,"name":"Shaded","section":"Shading Mode"},"sceneLighting":true,"audioPlay":false,"sceneViewState":{"m_AlwaysRefresh":false,"showFog":true,"showSkybox":true,"showFlares":true,"showImageEffects":true,"showParticleSystems":true,"showVisualEffectGraphs":true,"m_FxEnabled":true},"in2DMode":false,"pivot":{"x":123.29592895507813,"y":269.18560791015627,"z":-414.688232421875},"rotation":{"x":-0.27495744824409487,"y":0.22576545178890229,"z":-0.06657058745622635,"w":-0.9322278499603272},"size":16.043136596679689,"orthographic":false}